,LessonText,CombinedPagePairs
0,"
Deep Work Is Meaningful:
Beyond efficiency gains, deep work fosters a sense of craftsmanship and fulfillment, turning demanding tasks into engaging, almost meditative practice. This depth of focus builds mastery and pride in one’s work.
Example: An academic researcher experiences flow writing a journal article, finding the process itself deeply rewarding.
","11-12, 43-44, 5-6"
1,"
Deep Work Is Rare:
Modern workplaces reward shallow busyness—emails, meetings, social media—making deep, uninterrupted work blocks scarce. Carving out these blocks requires deliberate scheduling, setting boundaries, and sometimes saying 'no' to low-value demands.
Example: A marketing manager blocks early morning hours in her calendar each week for strategy development, protecting that time from calls and messages.
","128-131, 11-12, 43-44"
2,"
Deep Work Is Valuable:
Cultivating the ability to focus without distraction on cognitively demanding tasks produces high-quality results and is increasingly rare in our age of constant interruptions. By dedicating uninterrupted time to deep work, you maximize productivity and craftwork, distinguishing yourself in any field.
Example: A software engineer shuts off all notifications for a full day to refactor a critical codebase, dramatically reducing bugs and improving performance.
","9-12, 5-6, 43-44"
3,"
Drain the Shallows:
Ruthlessly minimize low-value, operational tasks—email, routine meetings, administrative work—to free time for deep work. Aim to keep shallow work under 20% of your total work hours.
Example: A team leader delegates meeting facilitation and automates report generation to reduce his weekly shallow-work load.
","128-131, 136-138"
4,"
Embrace Boredom:
Training concentration means resisting the urge to switch tasks at the first hint of boredom. Schedule deliberate breaks for distractions, but practice tolerating uninterrupted thought to strengthen your attention muscles.
Example: A writer schedules fixed internet check-ins and spends the rest of the time writing, gradually extending periods of sustained focus.
","93-95, 96-99"
5,"
Execute Like a Business:
Use clear metrics and review processes for your deep-work practice. Track hours spent, output milestones, and regularly assess effectiveness, treating your focus routine as a strategic business initiative.
Example: A freelancer logs and reviews his deep-work sessions weekly, adjusting goals and tactics based on performance data.
","81-84, 70-71, 134-135"
6,"
Implement Rituals and Routines:
Define the where, when, and how of deep work: chosen location, fixed time limits, and specific goals. These routines remove decision fatigue and automate the shift into deep concentration.
Example: A consultant sets up a quiet desk, uses noise-canceling headphones, and commits to a 90-minute sprint with defined deliverables.
","59-61, 70-73"
7,"
Make Grand Gestures:
Sometimes a dramatic action—booking a hotel room, taking a retreat, or publicly committing—signals seriousness and can boost motivation. Grand gestures create psychological stakes that reinforce deep focus.
Example: An author rents a cabin off the grid to finish a book manuscript without internet access.
",70-75
8,"
Quit or Limit Distracting Tools:
Evaluate digital tools with a craftsman’s mindset: support core professional goals or be cut. Disable notifications, uninstall social apps, and restrict email to designated times to preserve focus.
Example: A product manager checks email only twice daily, silencing other notification channels permanently.
","107-109, 98-99, 94-95"
9,"
Work in Rhythms:
Establish consistent deep-work rituals—whether daily two-hour sessions or weekly multi-hour retreats—to build a sustainable habit. Your brain learns to expect focus at these times, making it easier to enter deep mode.
Example: A designer dedicates every Monday afternoon to prototype development, turning it into an uninterruptible creative ritual.
","70-72, 91-92, 66-67"
